501	20516223	idr.openmicroscopy.org/study/info	Sample Type	tissue
501	20516223	idr.openmicroscopy.org/study/info	Organism	Homo sapiens
501	20516223	idr.openmicroscopy.org/study/info	Study Title	Tissue-based map of the human proteome
501	20516223	idr.openmicroscopy.org/study/info	Study Type	protein localization
501	20516223	idr.openmicroscopy.org/study/info	Imaging Method	bright-field microscopy
501	20516223	idr.openmicroscopy.org/study/info	Publication Title	Proteomics. Tissue-based map of the human proteome.
501	20516223	idr.openmicroscopy.org/study/info	Publication Authors	Uhlén M, Fagerberg L, Hallström BM, Lindskog C, Oksvold P, Mardinoglu A, Sivertsson Å, Kampf C, Sjöstedt E, Asplund A, Olsson I, Edlund K, Lundberg E, Navani S, Szigyarto CA, Odeberg J, Djureinovic D, Takanen JO, Hober S, Alm T, Edqvist PH, Berling H, Tegel H, Mulder J, Rockberg J, Nilsson P, Schwenk JM, Hamsten M, von Feilitzen K, Forsberg M, Persson L, Johansson F, Zwahlen M, von Heijne G, Nielsen J, Pontén F
501	20516223	idr.openmicroscopy.org/study/info	PubMed ID	25613900 https://www.ncbi.nlm.nih.gov/pubmed/25613900
501	20516223	idr.openmicroscopy.org/study/info	Publication DOI	10.1126/science.1260419 https://doi.org/10.1126/science.1260419
501	20516223	idr.openmicroscopy.org/study/info	Release Date	2018-11-01
501	20516223	idr.openmicroscopy.org/study/info	License	CC BY-SA 3.0 https://v18.proteinatlas.org/about/licence
501	20516223	idr.openmicroscopy.org/study/info	Copyright	Uhlen et al
501	20516223	idr.openmicroscopy.org/study/info	Data Publisher	University of Dundee
501	20516223	idr.openmicroscopy.org/study/info	External URL	https://www.proteinatlas.org
501	20516223	idr.openmicroscopy.org/study/info	Annotation File	idr0043-experimentA-annotation.csv.gz https://github.com/IDR/idr0043-uhlen-humanproteinatlas/blob/HEAD/experimentA/hpa_run_01/idr0043-experimentA-annotation.csv.gz
501	20516223	idr.openmicroscopy.org/study/info	Annotation File	idr0043-experimentA-annotation.csv.gz https://github.com/IDR/idr0043-uhlen-humanproteinatlas/blob/HEAD/experimentA/hpa_run_02/idr0043-experimentA-annotation.csv.gz
501	20516223	idr.openmicroscopy.org/study/info	Annotation File	idr0043-experimentA-annotation.csv.gz https://github.com/IDR/idr0043-uhlen-humanproteinatlas/blob/HEAD/experimentA/hpa_run_03/idr0043-experimentA-annotation.csv.gz
501	20516223	idr.openmicroscopy.org/study/info	Annotation File	idr0043-experimentA-annotation.csv.gz https://github.com/IDR/idr0043-uhlen-humanproteinatlas/blob/HEAD/experimentA/hpa_run_04/idr0043-experimentA-annotation.csv.gz
501	20516223	idr.openmicroscopy.org/study/info	Annotation File	idr0043-experimentA-annotation.csv.gz https://github.com/IDR/idr0043-uhlen-humanproteinatlas/blob/HEAD/experimentA/hpa_run_05/idr0043-experimentA-annotation.csv.gz
501	20516223	idr.openmicroscopy.org/study/info	Annotation File	idr0043-experimentA-annotation.csv.gz https://github.com/IDR/idr0043-uhlen-humanproteinatlas/blob/HEAD/experimentA/hpa_run_06/idr0043-experimentA-annotation.csv.gz
501	20516223	idr.openmicroscopy.org/study/info	Annotation File	idr0043-experimentA-annotation.csv.gz https://github.com/IDR/idr0043-uhlen-humanproteinatlas/blob/HEAD/experimentA/hpa_run_07/idr0043-experimentA-annotation.csv.gz
501	20516223	idr.openmicroscopy.org/study/info	Annotation File	idr0043-experimentA-annotation.csv.gz https://github.com/IDR/idr0043-uhlen-humanproteinatlas/blob/HEAD/experimentA/hpa_run_08/idr0043-experimentA-annotation.csv.gz
501	20516223	idr.openmicroscopy.org/study/info	Annotation File	idr0043-experimentA-annotation.csv.gz https://github.com/IDR/idr0043-uhlen-humanproteinatlas/blob/HEAD/experimentA/hpa_run_09/idr0043-experimentA-annotation.csv.gz
501	20516223	idr.openmicroscopy.org/study/info	Annotation File	idr0043-experimentA-annotation.csv.gz https://github.com/IDR/idr0043-uhlen-humanproteinatlas/blob/HEAD/experimentA/hpa_run_10/idr0043-experimentA-annotation.csv.gz
501	20516223	idr.openmicroscopy.org/study/info	Annotation File	idr0043-experimentA-annotation.csv.gz https://github.com/IDR/idr0043-uhlen-humanproteinatlas/blob/HEAD/experimentA/hpa_run_11/idr0043-experimentA-annotation.csv.gz
