201	idr0032-yang-meristem/experimentA	Publication Title\nRegulation of Meristem Morphogenesis by Cell Wall Synthases in Arabidopsis.\n\nExperiment Description\nWe performed systematic RNA in situ hybridization assays to examine the expression patterns of the SAM-expressed GTs at single-cell spatial resolution, including those transcripts that show either relative increases, reductions, or no change between SAM and flower samples.
101	idr0018-neff-histopathology/experimentA	Experiment Description\nHistopathology raw images and annotated tiff files of tissues from mice with 10 different single gene knockouts.
301	idr0026-weigelin-immunotherapy/experimentA	Publication Title\nFocusing and sustaining the antitumor CTL effector killer response by agonist anti-CD137 mAb.\n\nExperiment Description\nCombination therapy of adoptive CTL transfer and anti-CD137 monoclonal antibody. Mice were injected with B16F10/OVA melanoma cells and after 3 or 7 days were treated with OVA-specific CD8+ T cells (Cytotoxic T lymphocytes CTL) plus 1D8 antibody (anti-CD137).  4D timelapse images were taken at either 3 or 6 days after CTL + antibody treatment.\n\nVersion History\nAugust 2017 - added additional phenotype to CMPO ontology mapping
401	idr0040-aymoz-singlecell/experimentA	Publication Title\nTiming of gene expression in a cell-fate decision system.\n\nExperiment Description\nTime-lapse with addition of 1uM alpha-factor at time 0
52	idr0023-szymborska-nuclearpore/experimentA	Publication Title\nNuclear pore scaffold structure analyzed by super-resolution microscopy and particle averaging.\n\nExperiment Description\nSystematic immunolabelling of the Nup107-160 complex and (monomeric) enhanced GFP [(m)EGFP] fusions of members of the Nup107-160 complex with an anti-GFP nanobody.
51	idr0021-lawo-pericentriolarmaterial/experimentA	Publication Title\nSubdiffraction imaging of centrosomes reveals higher-order organizational features of pericentriolar material.\n\nExperiment Description\nImages relating to Figure 1e in Lawo et al 2012. These are the 3D-SIM reconstructed, maximum intensity projected and aligned images of centriole or PCM proteins of cycling HeLa cells in interphase.
754	idr0052-walther-condensinmap/experimentC	Publication Title\nA quantitative map of human Condensins provides new insights into mitotic chromosome architecture.\n\nExperiment Description\nSingle Colour - Condensin subunits were immunostained (with an anti-GFP antibody), and mitotic cells with chromatids oriented in parallel to the focal plane were selected for imaging. DNA (Hoechst) and Condensins (mEGFP tag and anti-GFP immunostaining) were imaged by diffraction-limited microscopy, whereas immunostained Condensin was also imaged by STED microscopy.  Double Colour -  NCAPH2-mEGFP and NCAPH-Halo were immunostained respectively with anti-GFP (1:500; ab13970; Abcam) + goat secondary anti-chicken Alexa Fluor 594 (1;500; A-11042; Thermo Fisher Scientific) and anti-Halo (1:500; G9281; Promega) + anti-rabbit Abberior STAR RED then imaged by STED microscopy.
751	idr0052-walther-condensinmap	Publication Title\nA quantitative map of human Condensins provides new insights into mitotic chromosome architecture.\n\nStudy Description\nHomozygous genome editing was used to fluorescently tag subunits of Condensin I and II in HeLa cells. Absolute abundance, spacing, and dynamic localization of the tagged proteins during mitosis was recorded by fluorescence correlation spectroscopy (FSC)-calibrated live-cell imaging and superresolution microscopy.
351	idr0038-held-kidneylightsheet/experimentA	Publication Title\nEx vivo live cell tracking in kidney organoids using light sheet fluorescence microscopy.\n\nExperiment Description\nWe have adapted the mouse kidney rudiment assay to generate renal organoids. To demonstrate that the organoid culture method of re-aggregated kidney rudiments in PDMS discs resulted in 3D kidney organoids with organotypic structures, we stained fixed six day old organoids for various developmental markers and imaged them with a light sheet fluorescent microscope. We have stained for the following markers: Megalin, Laminin, Cytokeratin, Pax2, Six2, Wt1, Synaptopodin and Nephrin and have also used the lectin stain PNA (peanut agglutinin). The spheroids were usually imaged as z stacks from five angles.
404	idr0041-cai-mitoticatlas/experimentA	Publication Title\nExperimental and computational framework for a dynamic protein atlas of human cell division.\n\nExperiment Description\nImage data used to build the mitotic cell atlas. This consists of three subsets: raw images, segmentation masks for the landmarks and protein concentration maps.
402	idr0042-nirschl-wsideeplearning/experimentA	Publication Title\nA deep-learning classifier identifies patients with clinical heart failure using whole-slide images of H&E tissue.\n\nExperiment Description\nHistopathology sub-image from patient whole-slide images from patients with end-stage clinical heart failure or cadaveric donor hearts from patients without heart failure.
352	idr0038-held-kidneylightsheet/experimentB	Publication Title\nEx vivo live cell tracking in kidney organoids using light sheet fluorescence microscopy.\n\nExperiment Description\nAll assays were performed on live cultures. The intact kidney rudiments were cultured at air liquid interface for 4 days following dissection. The organoids were cultured under medium immersion for six days following dissection. The samples cultured at air liquid interface were gently removed from the membranes before starting the assay. The samples were incubated for one hour at 25oC with PBS containing 1uM 5(6)-Carboxyfluorescein (6-CF) and 20 ug/ml of PNA (Vector Laboratories). For the control samples, 2 mM probenecid was also added to the solution to inhibit the organic anion transport. After incubation, the samples were washed with ice cold PBS for 10 mins followed by an incubation with 8mM probenecid in PBS for 15 mins to arrest any transport. The functional assay was concluded by two PBS washes and samples were then embedded in 1.5% agarose for imaging.
1701	idr0106-kubota-lunglightsheet/experimentA	Publication Title\nWhole-organ analysis of TGF-beta-mediated remodelling of the tumour microenvironment by tissue clearing\n\nExperiment Description\nWhole lung image of metastatic model mouse.
1902	idr0110-rodermund-xistrna/experimentA	Publication Title\nTime-resolved structured illumination microscopy reveals key principles of Xist RNA spreading\n\nExperiment Description\nIn this project, XX mESCs with inducible endogenous Xist RNA, as well as XY mESCs with inducible autosomal transgenic Xist RNA, were used to study the localisation, dynamics and spreading behaviour of Xist RNA during the early phases of XCI. The Bgl-stem-loop labelling system was used in this project to label endogenous Xist RNA. A transgene encoding the BglG-Halo fusion protein was engineered to be doxycycline inducible. Later, different mutant cell lines were created using CRISPR/Cas9 genome editing. Considering the technical difficulties associated with live imaging of Xist foci, a different approach to studying Xist RNA dynamics was developed: RNA-SPLIT (Sequential Pulse Localisation Imaging over Time). In order to add temporal information one can make use of the fact that HaloTag technology enables addition of cell permeable ligands with different properties to cells, with excess ligand being washed out prior to fixation. Specifically, instead of a single HaloTag ligand, two different wavelength emitting HaloTag ligands were added sequentially after induction with doxycycline. Cells were induced for 1.5 h and 24 h before the start of the experiment to assess Xist localisation and dynamics in expansion and steady state respectively. Subsequent addition of the HaloTag ligands allowed for splitting the RNA into two differently labelled pools, pre-synthesised RNA labelled with Halo ligand 1 and newly synthesised RNA labelled with Halo ligand 2. This novel technique is especially powerful because variations of the set up can be used to study different aspects of RNA dynamics and localisation, and it can potentially be applied to any RNA and any stem-loop labelling system. Firstly, localisation of Xist to the X chromosome territory at the different stages of XCI and in different cellular backgrounds can be assessed by measuring the molecule density and volume of spread. Moreover, one can determine RNA turnover by scoring the number of pre-synthesised RNA molecules over time, while gradually increasing the staining time of newly synthesised RNA molecules for up to 4 h. Full turnover of the RNA can be assumed when no pre-synthesised RNA signal can be detected anymore. Turnover rates can be complemented by analysis of RNA transcription dynamics, quantified by scoring the number of newly synthesised RNA molecules while gradually increasing the staining time of newly synthesised RNA in 10 min intervals. Finally, RNA-SPLIT can be used to assess the localisation of newly synthesised RNA with respect to pre-synthesised RNA by measuring the distance of each newly synthesised molecule to the nearest pre-synthesised molecule. Image processing and analysis is critical for successful RNA-SPLIT experiments. After image acquisition with 3D-SIM, the data is reconstructed and undergoes quality checks through the SIMcheck plugin. Artefacts are reduced by generating modulation contrast maps and applying suitable and consistent filters to discard low modulation contrast signal. Then, background stemming from free diffusing BglG-Halo is discarded by manual thresholding. Channels are aligned using the open-source software package Chromagnon and EdU calibration data acquired on the date of image acquisition. In the final step of image processing, Xist territories are manually cropped. The volume of the cropped Xist territory gives first insights into the spreading volume of the RNA. To analyse the fully processed images, the signal is masked and the centroids of each molecule are determined by a Watershed algorithm. This allows for the counting of pre-synthesised and newly synthesised molecules at different time points and under various experimental conditions. RNA turnover and transcription dynamics can be deduced from this information. The localisation of each molecule in 3D determined by the Watershed algorithm can then be used to conduct NNA, where the distance of each newly synthesised molecule to its nearest neighbouring pre-synthesised molecule is measured. Variations of NNA, where distances between all RNA molecules or between the approximate transcription site and newly synthesised RNA are determined, can be used to examine RNA density and spreading behaviour. The development of this new tool for studying RNA localisation and dynamics allows for the addition of temporal resolution to super-resolved localisation microscopy data without the need for live cell imaging.
354	idr0038-held-kidneylightsheet	Publication Title\nEx vivo live cell tracking in kidney organoids using light sheet fluorescence microscopy.\n\nStudy Description\nWe have adapted the mouse kidney rudiment assay to generate renal organoids. We have immunostained endpoint fixed organoids and E13.5 embryonic kidneys and imaged them with a light sheet fluorescent microscope. The data generated for this manuscript is made accessible here and includes immunofluorescence staining after end point fixation revealing that organotypic structures develop within the organoids. Furthermore, we have performed an assay to ascertain tubular functionality. Following, we have imaged organoids containing Wt1-GFP knock-in cells live on the light sheet microscope to evaluate the ability to follow cells long-term and generate previously unavailable quantitative tracking data.\\n\\nidr0038 consists of a set of 3 experiments: experimentA (immunofluorescence staining after end point fixation), experimentB (assays to ascertain tubular functionality) and experimentC (Wt1-GFP knock-in cells followed long term).
151	idr0027-dickerson-chromatin/experimentA	Publication Title\nHigh resolution imaging reveals heterogeneity in chromatin states between cells that is not inherited through cell division.\n\nExperiment Description\nTo monitor the organisation of chromatin in live cells were engineered with fluorescent fusion proteins which recognize specific operator sequences to tag pairs of syntenic gene loci. The separation of these loci was then tracked in three dimensions over time using fluorescence microscopy. Data generated for this manuscript are made accessible here. This includes the movies generated from yeast strains with different genomic separations. These are available within subfolders titled "Colocalising", "Genomic separation 100kb", "Genomic separation 25kb" etc. Tracking data generated from these movies is also available as idr0027-AnalysisAllData.csv in the Attachments section below. This includes x, y and z co-ordinates of foci in the red and green channels following two stages of correction for channel alignment, the distance between the red and green foci in nanometers,  the offset of the red channel foci with respect to the green channel foci in x, y, and z. The maximum intensity, background intensity and standard deviation of the background intensity for both the red and green channels. The contrast (maximum spot intensity - nuclear background intensity) for each channel. The name originally assigned to the video, the genomic separation of the strain in kb. The string in column AE starts with the letter assigned to the video in supplementary figure 2. Some videos include two cells. In these cases the higher cell (on the y axis) is indicated as "upper" and the other as "lower". One of the two cells can often be assigned as the mother and the other as daughter. This is indicated as m or d in column AF. The systematic name of the strain is indicated in column AG.
501	idr0043-uhlen-humanproteinatlas/experimentA	Publication Title\nProteomics. Tissue-based map of the human proteome.\n\nExperiment Description\nMapping of protein expression across all major tissues and organs in the human body
405	idr0045-reichmann-zygotespindle/experimentA	Publication Title\nDual-spindle formation in zygotes keeps parental genomes apart in early mammalian embryos.\n\nExperiment Description\nCharacterization of mitotic spindle formation in live mouse zygotes by light-sheet microscopy.
353	idr0038-held-kidneylightsheet/experimentC	Publication Title\nEx vivo live cell tracking in kidney organoids using light sheet fluorescence microscopy.\n\nExperiment Description\nWe have adapted the mouse kidney rudiment assay to generate renal organoids. 24 hours after pelleting 100,000 mouse kidney cells, organoids had formed in the PDMS dishes. For the PNA vital stain test we used kidney cells from wildtype mice and for the tracking time series we used cells from the Wt1tm1Nhsn strain, expressing GFP together with the transcription factor Wt1. One organoid was embedded in a hydrogel matrix (1.5% Agarose + 3% gelatine). In the microscope chamber, the hydrogel cylinder was extruded from the capillary so that the hydrogel column containing the organoid was located outside the capillary and immersed in medium (phenol red-free MEM + 10% FBS, 1% pen/strep, 3ug/ml PNA-rh) at 37oC and with 5% CO2. We recorded z stacks of the spheroids from multiple angles every 30 mins to record the location of the GFP expressing cells in three dimensions over time. There are three time series. These are available in the subfolders "Time PNA-rh vital", "Wt1-GFP PNA Time Series 1" and "Wt1-GFP PNA Time Series 2".  The time series data was processed in Fiji by opening the green channel only, binning in X and Y by a factor of two and converting it to 8 bit for processing in TrackMate (v.2.8.2) where we used the LoG (Laplacian of Gaussian) Detector and LAP (Linear Assignment Problem) Tracker options. Tracking data generated from the time series using the Track Mate plug in for Fiji is also provided in the time series data sets as "Nspots vs Time.txt", "Track statistics.txt", "Links in tracks statistics.txt" and "Spots in tracks statistics.txt". The data was analysed and plotted via the Matlab script provided as "TrackMateDataAnalysis.txt" in conjunction with the functions "NSpotsFunction.txt", "SpotsInTracksFunction.txt", "TrackStatisticsFunction.txt", "Violin.txt" and "violinplot.txt".
552	idr0051-fulton-tailbudlightsheet/experimentA	Publication Title\nNeuromesodermal progenitors are a conserved source of spinal cord with divergent growth dynamics.\n\nExperiment Description\nLightsheet imaging of tailbud from 18 somite stage with one frame per 2 minutes
852	idr0066-voigt-mesospim/experimentB	Publication Title\nThe mesoSPIM initiative – open-source light-sheet microscopes for imaging cleared tissue\n\nExperiment Description\nImaging a whole mouse central nervous system with the mesoSPIM
853	idr0066-voigt-mesospim/experimentC	Publication Title\nThe mesoSPIM initiative – open-source light-sheet microscopes for imaging cleared tissue\n\nExperiment Description\nImaging a whole mouse central nervous system with the mesoSPIM
854	idr0066-voigt-mesospim/experimentD	Publication Title\nThe mesoSPIM initiative – open-source light-sheet microscopes for imaging cleared tissue\n\nExperiment Description\nImaging a chicken embryo with the mesoSPIM
855	idr0066-voigt-mesospim	Publication Title\nThe mesoSPIM initiative – open-source light-sheet microscopes for imaging cleared tissue\n\nStudy Description\nThe mesoscale selective plane illumination microscope (mesoSPIM) designed in this study was tested with various cleared tissue samples.
801	idr0062-blin-nuclearsegmentation/experimentA	Publication Title\nNesSys: a novel method for accurate nuclear segmentation in 3D\n\nExperiment Description\nWe provide a user-friendly 3D editing tool to rapidly correct segmentation errors.  We test our method alongside other previously-published user-friendly methods, with focus on mid-gestation embryos, 3D cultures of pluripotent stem cells and pluripotent stem cell-derived neural rosettes.
1751	idr0063-newman-chromosomalloci/experimentA	Publication Title\nHomologous locus pairing is a transient, diffusion-mediated process in meiotic prophase\n\nExperiment Description\nLive-cell imaging was used to measure the distance between two fluorescently-tagged chromosomal loci over time in yeast nuclei throughout prophase I of meiosis.
752	idr0052-walther-condensinmap/experimentA	Publication Title\nA quantitative map of human Condensins provides new insights into mitotic chromosome architecture.\n\nExperiment Description\nGenome-edited cells with homozygously mEGFP-tagged Condensin subunits and chromosomes stained by SiR-DNA were imaged every 90 s for a total of 60 min by 3D confocal microscopy, which was automatically triggered after prophase onset. Images were calibrated by FCS to convert fluorescence intensities into cellular protein concentration maps and cellular protein number maps.
753	idr0052-walther-condensinmap/experimentB	Publication Title\nA quantitative map of human Condensins provides new insights into mitotic chromosome architecture.\n\nExperiment Description\nFRAP experiments of Condensin-mEGFP subunits on the metaphase plate.
502	idr0044-mcdole-tardislightsheet/experimentA	Publication Title\nIn Toto Imaging and Reconstruction of Post-Implantation Mouse Development at the Single-Cell Level.\n\nExperiment Description\nLight-sheet imaging of post-implantation mouse development from E6.5 to E8.5
503	idr0047-neuert-yeastmrna/experimentA	Publication Title\nMultiplex RNA single molecule FISH of inducible mRNAs in single yeast cells.\n\nExperiment Description\nWe performed single molecule in-situ hybridization on yeast cells that have been exposed to osmotic stress and measured mRNA expression for two genes. The goal of this study was to generate data sets for single cell transcription modeling.
505	idr0050-springer-cytoskeletalsystems/experimentA	Publication Title\nUnbiased pattern analysis reveals highly diverse responses of cytoskeletal systems to cyclic straining.\n\nExperiment Description\nCharacterization of cytoskeletal systems (actin, microtubules, vimentin networks) to cyclic straining using confocal laser scanning microscopy, including experiments with nocodazole to depolymerize microtubules.
504	idr0053-faas-virtualnanoscopy/experimentA	Publication Title\nVirtual nanoscopy: generation of ultra-large high resolution electron microscopy maps.\n\nExperiment Description\n\tUltra-large high resolution electron microscopy maps of the mouse glomerulus, mouse embryonic fibroblasts, human dendritic cells and a zebrafish embryo slice were generated using virtual nanoscopy.
701	idr0054-segura-tonsilhyperion/experimentA	Publication Title\nHuman lymphoid organ cDC2 and macrophages play complementary roles in T follicular helper responses.\n\nExperiment Description\nImaging mass cytometry of tonsil sections
851	idr0066-voigt-mesospim/experimentA	Publication Title\nThe mesoSPIM initiative – open-source light-sheet microscopes for imaging cleared tissue\n\nExperiment Description\nComparison of whole-mouse brain data acquired from a CLARITY-cleared VIP-tdTomato mouse with and without ASLM mode engaged
901	idr0065-camsund-crispri/experimentA	Publication Title\nTime-resolved imaging-based CRISPRi screening\n\nExperiment Description\nTime-lapse imaging of cells using phase contrast and SeqA-YFP foci using wide-field fluorescence on a CRISPRi library of knock-downs loaded into a microfluidic device.
902	idr0065-camsund-crispri/experimentB	Publication Title\nTime-resolved imaging-based CRISPRi screening\n\nExperiment Description\nAfter phenotyping, barcode RNAs were expressed by T7 RNApol induction and the cells were subsequently fixed and permeabilized. The strains were identified in situ by sequential FISH probing using widefield epi-fluorescence in four colors. Each round of probing identifies the positions of four unique strains.
903	idr0065-camsund-crispri	Publication Title\nTime-resolved imaging-based CRISPRi screening\n\nStudy Description\nOur ability to connect genotypic variation to biologically important phenotypes has been seriously limited by the gap between live-cell microscopy and library-scale genomic engineering. Here, we show how in situ genotyping of a library of strains after time-lapse imaging in a microfluidic device overcomes this problem. We determine how 235 different CRISPR interference knockdowns impact the coordination of the replication and division cycles of Escherichia coli by monitoring the location of replication forks throughout on average >500 cell cycles per knockdown. Subsequent in situ genotyping allows us to map each phenotype distribution to a specific genetic perturbation to determine which genes are important for cell cycle control. The single-cell time-resolved assay allows us to determine the distribution of single-cell growth rates, cell division sizes and replication initiation volumes. The technology presented in this study enables genome-scale screens of most live-cell microscopy assays.
904	idr0067-king-yeastmeiosis/experimentA	Publication Title\nMeiotic cellular rejuvenation is coupled to nuclear remodeling in budding yeast\n\nExperiment Description\nTime-lapse and fixed cell fluorescence microscopy or transmission electron microscopy images depicting budding yeast cells progressing through meiosis. The goal of this study was to characterize nuclear remodeling during budding yeast meiosis, with a focus on determining how various nuclear senescence factors are eliminated.
951	idr0075-cabirol-honeybee/experimentA	Publication Title\nAutomated quantification of synaptic boutons reveals their 3D distribution in the honey bee mushroom body\n\nExperiment Description\nTo study the spatial distribution of synaptic complexes called microglomeruli in the mushroom body neuropils of the honeybee brain, those structures where imaged by two-photon microscopy. A data analysis method was developed to automatically obtain the loci of those structures from large volume samples allowing to analyse their 3D density distribution.
1002	idr0073-schaadt-immuneinfiltrates/experimentA	Publication Title\nGraph-based description of tertiary lymphoid organs at single-cell level\n\nExperiment Description\nBased on cell coordinates detected in the full image, a Delaunay triangulation and distance criteria were used to build neighborhood graphs. The composition of nodes and edges are used for classification, e.g. using a support vector machine.
1051	idr0083-lamers-sarscov2/experimentA	Publication Title\nSARS-CoV-2 productively Infects Human Gut Enterocytes\n\nExperiment Description\nTEM analysis of SARS-CoV-2 infected intestine organoids
1102	idr0079-hartmann-lateralline/experimentA	Publication Title\nAn Image-Based Data-Driven Analysis of Cellular Architecture in a Developing Tissue\n\nExperiment Description\n3D confocal live imaging of the zebrafish posterior lateral line primordium labeled with the membrane marker cldnB:lyn-EGFP for segmentation and optionally with one of several additional labels.
1103	idr0079-hartmann-lateralline/experimentB	Publication Title\nAn Image-Based Data-Driven Analysis of Cellular Architecture in a Developing Tissue\n\nExperiment Description\n3D confocal imaging of fixed samples of the zebrafish posterior lateral line primordium labeled with the membrane marker cldnB:lyn-EGFP and stained for pea3 mRNA using single molecule Fluorescence In-Situ Hybridization (smFISH).
1105	idr0079-hartmann-lateralline	Publication Title\nAn Image-Based Data-Driven Analysis of Cellular Architecture in a Developing Tissue\n\nStudy Description\nA data-driven analysis of cell morphology and intracellular organization in the developing zebrafish posterior lateral line primordium, a model tissue for the study of self-organized morphogenesis. 3D image stacks were acquired using AiryScan FAST-mode confocal fluorescence microscopy. Automated single-cell segmentation and point cloud-based morphometry were developed to extract numerical features representing cell morphology and intracellular protein distributions. Machine learning was used with the extracted numerical features to perform data integration across experiments and context-guided data visualization. The resulting data was analyzed to discover biologically meaningful patterns at the cell and tissue scale.
1101	idr0077-valuchova-flowerlightsheet/experimentA	Publication Title\nImaging plant germline differentiation within Arabidopsis flowers by light sheet microscopy\n\nExperiment Description\nUsing the light sheet microscope we acquired 16 different datasets of Arabidopsis flower development.
1104	idr0070-kerwin-hdbr/experimentA	Publication Title\nThe HUDSEN Atlas: a three-dimensional (3D) spatial framework for studying gene expression in the developing human brain.\n\nExperiment Description\nImmunohistochemistry and in situ hybridization analysis in early human development from 3 to 17 weeks post conception.
1152	idr0086-miron-micrographs	Publication Title\nChromatin arranges in chains of mesoscale domains with nanoscale functional topography independent of cohesin\n\nStudy Description\nThree-dimensional (3D) chromatin organization plays a key role in regulating mammalian genome function, however many of its physical features at the single-cell level remain underexplored. Here we use 3D super-resolution and scanning electron microscopy to analyze structural and functional nuclear organization in somatic cells. We identify linked chromatin domains (CDs) composed of irregular ~200-300-nm-wide aggregates of nucleosomes that can overlap with individual topologically associating domains and are distinct from a surrounding RNA-populated interchromatin region. High-content mapping uncovers confinement of cohesin and active histone modifications to surfaces and enrichment of repressive modifications towards the core of CDs in both hetero- and euchromatic regions. This nanoscale functional topography is temporarily relaxed in postreplicative chromatin, but remarkably persists after ablation of cohesin. Our findings establish CDs as physical and functional modules of mesoscale genome organization.
1151	idr0084-oudelaar-alphaglobin/experimentA	Publication Title\nDynamics of the 4D genome during in vivo mouse erythroid lineage specification and differentiation\n\nExperiment Description\nWe performed RNA-FISH assays to determine the proportion of cells at three different stages of early erythroid differentiation that display nascent transcription of alpha-globin genes.
1157	idr0087-paci-nuclearimport/experimentA	Publication Title\nMolecular determinants of large cargo transport into the nucleus\n\nExperiment Description\nConfocal time-lapse images of nuclear import into permeabilised  cells. All experiments are labelled according to the different cargo used: capsid MS2_S37P, I53-47 and MS2, and number of NLSs on the capsid surface. For each experiment, 12 areas containing approximately 10 cells were imaged at the same time. Where independent biological replicates of the same sample are available, these are labelled as R1, R2 etc.
1158	idr0086-miron-micrographs/experimentA	Publication Title\nChromatin arranges in chains of mesoscale domains with nanoscale functional topography independent of cohesin\n\nExperiment Description\nMicrographs of G1 interphase chromatin of C127 cells with super resolved immunofluorescence (IF) signals of over 16 epigenetic markers (Nascent RNA, Elongating RNAPolII, CTCF, Cohesin subunits, SAF-A and histone modifications such as H3K4me3, H3K27me3, H3K9me3, etc), all from commercially available antibodies.
1159	idr0086-miron-micrographs/experimentB	Publication Title\nChromatin arranges in chains of mesoscale domains with nanoscale functional topography independent of cohesin\n\nExperiment Description\nMicrographs of a subset of the markers in experiment A with chromatin of different phenotype due to different stages of cell cycle: early, mid and late S phase as identified by EdU incorporation in nascent replicating regions.
1160	idr0086-miron-micrographs/experimentC	Publication Title\nChromatin arranges in chains of mesoscale domains with nanoscale functional topography independent of cohesin\n\nExperiment Description\nMicrographs of G1 interphase chromatin of HCT116 cells with and without auxin inducible degradation (AID) of a cohesin subunit with IF on a subset of the previous markers to compare the way the epigenetic regulatory landscape changes when cells are not able to use the cohesin complex to sculpt the 3D chromatin landscape.
1161	idr0086-miron-micrographs/experimentD	Publication Title\nChromatin arranges in chains of mesoscale domains with nanoscale functional topography independent of cohesin\n\nExperiment Description\nElectron Micrographs of the nucleus
1201	idr0048-abdeladim-chroms/experimentA	Publication Title\nMulticolor multiscale brain imaging with chromatic multiphoton serial microscopy\n\nExperiment Description\nMulticolor brain-wide anatomical mapping and high-resolution continuous multicolor imaging of a >5mm3 cortical portion.  Astrocytes and layer 2/3 neurons are 'Brainbow-labeled'.  The dataset consists of a sequence of 92 high-resolution multicolor 2D whole-brain sections with high-content anatomical details and gives access to single-cell astrocyte morphologies with subcellular resolution over an unprecedented millimetric spatial scale.
1202	idr0085-walsh-mfhrem/experimentA	Publication Title\nMulti-fluorescence high-resolution episcopic microscopy (MF-HREM) for three dimensional imaging of adult murine organs\n\nExperiment Description\nApplication of MF-HREM to imaging and analysis of adult mouse: kidney glomeruli, xenograft tumour vasculature and cell migration, brain microsvasculature and white matter orientation, brain white matter orientation and cell nuclei distribution
1251	idr0082-pennycuick-lesions/experimentA	Publication Title\nImmune surveillance in clinical regression of pre-invasive squamous cell lung cancer\n\nExperiment Description\nH&E Imaging of 112 lung carcinoma in-situ lesions, with CIS and stromal regions annotated, and quantification of infiltrating lymphocytes.
1302	idr0076-ali-metabric/experimentA	Publication Title\nImaging mass cytometry and multiplatform genomics define the phenogenomic landscape of breast cancer\n\nExperiment Description\nMultiplexed imaging of breast cancer tissues for 37 proteins
1303	idr0089-fischl-coldtemp/experimentA	Publication Title\nCold-induced chromatin compaction and nuclear retention of clock mRNAs resets the circadian rhythm\n\nExperiment Description\n3D-SIM of human cardiomyocyte cells (AC16s) exposed to different cold temperatures stained with markers for nuclear features (chromatin modifications: H3K4me3, H3K27me3, H3K9me3; Ser2-phosphorylated C-terminal domain of RNA polymerase II; hnRNPC; Nuclear pore complex) and DAPI. Cells were grown in 6 different temperature conditions prior to fixation: 37 degrees centigrade; 28 degrees centigrade for 24 h; 18 degrees centigrade for 5 h; 18 degrees centigrade for 24 h; 18 degrees centigrade for 24 h then returned to 37 degrees centigrade for 2 h; 8 degrees centigrade for 24 h.
1304	idr0089-fischl-coldtemp/experimentB	Publication Title\nCold-induced chromatin compaction and nuclear retention of clock mRNAs resets the circadian rhythm\n\nExperiment Description\nRNA-FISH of human cardiomyocyte cells (AC16s), U2OS cells or U2OS cells with Nr1d1 knocked-out exposed to different cold temperatures stained with RNA-FISH probes for Cry2, Tp53 or Nr1d1 and DAPI. Cells were grown in 5 different temperature conditions prior to fixation: 37 degrees centigrade; 18 degrees centigrade for 5 h; 18 degrees centigrade for 5 h then returned to 37 degrees centigrade for 2h; 18 degrees centigrade for 24 h; 18 degrees centigrade for 24 h then returned to 37 degrees centigrade for 2 h.
1305	idr0089-fischl-coldtemp	Publication Title\nCold-induced chromatin compaction and nuclear retention of clock mRNAs resets the circadian rhythm\n\nStudy Description\nCooling patients to sub-physiological temperatures is an integral part of modern medicine. We show that cold exposure induces temperature-specific changes to the higher-order chromatin and gene expression profiles of human cells. These changes are particularly dramatic at 18°C, a temperature synonymous with that experienced by patients undergoing controlled deep-hypothermia during surgery. Cells exposed to 18°C exhibit largely nuclear-restricted transcriptome changes. These include the nuclear accumulation of core circadian clock suppressor gene transcripts, most notably REV-ERBα. This response is accompanied by compaction of higher-order chromatin and hindrance of mRNPs from engaging nuclear pores. Rewarming reverses chromatin compaction and releases the transcripts into the cytoplasm, triggering a pulse of suppressor gene proteins that resets the circadian clock. We show that cold-induced upregulation of REV-ERBα alone is sufficient to trigger this resetting. Our findings uncover principles of the cellular cold-response that must be considered for current and future applications involving therapeutic deep-hypothermia.
1351	idr0091-julou-lacinduction/experimentA	Publication Title\nSubpopulations of sensorless bacteria drive fitness in fluctuating environments\n\nExperiment Description\nBacteria are inoculated in Mother Machine microfluidic channels and exposed sequentially to two different media (e.g. 4h glucose, 4h lactose, 12h glucose, 4h lactose).
1402	idr0095-ali-asymmetry/experimentA	Publication Title\nInherent regulatory asymmetry emanating from network architecture in a prevalent autoregulatory motif\n\nExperiment Description\nStudying the asymmetry when the strength of regulation for Transcription factor is kept fixed (O1 operator) and the strength of regulation for target is altered (stronger than TF, same as TF or weaker than TF).
1403	idr0095-ali-asymmetry/experimentB	Publication Title\nInherent regulatory asymmetry emanating from network architecture in a prevalent autoregulatory motif\n\nExperiment Description\nStudying the asymmetry when the turnover rate of transcription factor is altered by introducing degradation tags.
1404	idr0095-ali-asymmetry/experimentC	Publication Title\nInherent regulatory asymmetry emanating from network architecture in a prevalent autoregulatory motif\n\nExperiment Description\n: Studying the asymmetry between TF and target gene when the protein dilution rate is altered by growing cells in different media.
1401	idr0095-ali-asymmetry	Publication Title\nInherent regulatory asymmetry emanating from network architecture in a prevalent autoregulatory motif\n\nStudy Description\nPredicting gene expression from DNA sequence remains a major goal in the field of gene regulation. A challenge to this goal is the connectivity of the network, whose role in altering gene expression remains unclear. Here, we study a common autoregulatory network motif, the negative single-input module, to explore the regulatory properties inherited from the motif. Using stochastic simulations and a synthetic biology approach in E. coli, we find that the TF gene and its target genes have inherent asymmetry in regulation, even when their promoters are identical; the TF gene being more repressed than its targets. The magnitude of asymmetry depends on network features such as network size and TF binding affinities. Intriguingly, asymmetry disappears when the growth rate is too fast or too slow and is most significant for typical growth conditions. These results highlight the importance of accounting for network architecture in quantitative models of gene expression.
1451	idr0100-capar-myelin/experimentA	Publication Title\nA Multi-Spectral Myelin Annotation Tool for Machine Learning Based Myelin Quantification\n\nExperiment Description\nImmunolabeling of mouse embryonic stem cell derived neurons (TUJ1) and oligodendrocytes (MBP) and their nuclei (DAPI). Cells were grown in microfluidic chambers. Myelin is annotated on images.
1501	idr0103-coomer-hiv1fusion/experimentA	Publication Title\nSingle-cell glycolytic activity regulates membrane tension and HIV-1 fusion\n\nExperiment Description\nTZM-bl cells stably expressing CD4 and CCR5 receptors and charged with CCF2, were exposed to HIV-1 pseudoparticles where the Vpr is cloned with BlaM (Vpr-Blam) at MOI = 1. When treating the cells with 100 mM 2-Deoxyglucose (2DG), HIV-1 fusion is blocked. Successive treatment of these cells with 100, 200 and 400 ug/mL of Cholesterol rescues HIV-1 fusion. This experiment shows that cholesterol is key for HIV-1 fusion and that 2DG might downregulate the concentration of cholesterol in the plasma membrane of the host, impeding HIV-1 to effectively fuse in the host.  There are 3 different repeats and in each repeat 6 different experiments (images acquired in different conditions).
1503	idr0071-feldman-crisprko/experimentA	Publication Title\nOptical pooled screens in human cells\n\nExperiment Description\nOptical pooled CRISPR knockout screen in HeLa cells for regulators of p65 translocation upon stimulation by IL-1b or TNF-a, detected by imaging a p65-mNeonGreen fluorescent reporter. CRISPR sgRNAs are detected by sequencing proxy barcodes in cells transduced with the lentiGuide-BC vector. Included cycles of sequencing-by-synthesis (SBS): 1, 2, 3, 4, 5, 6, 7, 8, 9.
1505	idr0071-feldman-crisprko/experimentB	Publication Title\nOptical pooled screens in human cells\n\nExperiment Description\nOptical pooled CRISPR knockout screen in HeLa cells for regulators of p65 translocation upon stimulation by IL-1b or TNF-a, detected by indirect immunofluorescence of endogenous p65. CRISPR sgRNAs are detected by sequencing from the 5' end of the sgRNA sequence in cells transduced with the CROPseq-Puro vector. Included cycles of sequencing by synthesis (SBS): 1, 2, 3, 5, 6, 7, 8, 9, 10
1504	idr0071-feldman-crisprko/experimentC	Publication Title\nOptical pooled screens in human cells\n\nExperiment Description\nOptical pooled CRISPR knockout screen in A549 cells for regulators of p65 translocation upon stimulation by IL-1b or TNF-a, detected by indirect immunofluorescence of endogenous p65. CRISPR sgRNAs are detected by sequencing from the 5' end of the sgRNA sequence in cells transduced with the CROPseq-Puro vector. Included cycles of sequencing-by-synthesis (SBS): 1, 2, 3, 4, 5, 7, 8, 9, 10.
1506	idr0071-feldman-crisprko/experimentD	Publication Title\nOptical pooled screens in human cells\n\nExperiment Description\nOptical pooled CRISPR knockout screen in HCT-116 cells for regulators of p65 translocation upon stimulation by IL-1b or TNF-a, detected by indirect immunofluorescence of endogenous p65. CRISPR sgRNAs are detected by sequencing from the 5' end of the sgRNA sequence in cells transduced with the CROPseq-Puro vector. Included cycles of sequencing-by-synthesis (SBS): 1, 2, 3, 4, 5, 6, 7, 8, 9.
1502	idr0071-feldman-crisprko/experimentE	Publication Title\nOptical pooled screens in human cells\n\nExperiment Description\nTwelve cycles of in situ sequencing in HeLa cells expressing barcodes from the lentiGuide-BC lentiviral vector. Included cycles of sequencing-by-synthesis (SBS): 1, 2, 3, 4, 5, 6, 7, 8, 9, 10, 11, 12.
1551	idr0071-feldman-crisprko	Publication Title\nOptical pooled screens in human cells\n\nStudy Description\nGenetic screens are critical for the systematic identification of genes underlying cellular phenotypes. Pooling gene perturbations greatly improves scalability, but is not compatible with imaging of complex and dynamic cellular phenotypes. Here, we introduce a pooled approach for optical genetic screens in mammalian cells. We use targeted in situ sequencing to demultiplex a library of genetic perturbations following image-based phenotyping. We screened a set of 952 genes across millions of cells for involvement in NF-κB signaling by imaging the translocation of RelA (p65) to the nucleus. Screening at a single time point across 3 cell lines recovered 15 known pathway components, while repeating the screen with live-cell imaging revealed a novel role for Mediator complex subunits in regulating the duration of p65 nuclear retention. These results establish a new approach to perform highly multiplexed, image-based screens of spatially and temporally defined phenotypes with pooled libraries.
1507	idr0071-feldman-crisprko/experimentF	Publication Title\nOptical pooled screens in human cells\n\nExperiment Description\nCombinatorial detection of multiple CRISPR sgRNAs per cell in HeLa cells serially transduced with the CROPseq-Puro and CROPseq-Zeo vectors. Included cycles of sequencing-by-synthesis (SBS): 1, 2, 3, 4, 5, 6.
1605	idr0098-huang-octmos/experimentA	Publication Title\nOCT-MoS, a dataset of mouse skin squamous cell carcinoma stages by full-field optical coherence tomography\n\nExperiment Description\nAbdominal skin from FVB/N mice was untreated to serve as control samples for the normal class. Back skin from FVB/N mice was treated with immunosupresant and tumor promoter solutions to study different stages of cutaneous squamous cell carcinoma. All samples were excised and imaged by full-field optical coherence tomography.
1606	idr0098-huang-octmos/experimentB	Publication Title\nOCT-MoS, a dataset of mouse skin squamous cell carcinoma stages by full-field optical coherence tomography\n\nExperiment Description\nMicroscopy images of 9 H&E stain samples from mouse skin. Each slide contains different tissue samples corresponding to four different classes: normal, dysplasia, papilloma, and scc.
1602	idr0097-reicher-proteintag/experimentB	Publication Title\nPooled protein tagging, cellular imaging, and in situ sequencing for monitoring drug action in real time\n\nExperiment Description\nWe use CRISPR-Cas9 based intron tagging to generate cell pools expressing more than 900 GFP-fusion proteins (one GFP-tagged protein per cell). For this experiment, we seeded the cell pool in a single well of 384-well plate and imaged the entire well twice (0h and 3h timepoint, 289 fields of view per timepoint, raw tiff files were merged to 9 tiles per well). Cells in the same well were then fixed and we performed in situ sequencing to identify the expressed sgRNA in each cell indicating which protein is GFP tagged (7 cycles of in situ sequencing by synthesis, 289 fields of view per cycle,  raw tiff files were merged to 9 tiles per well).
1604	idr0098-huang-octmos	Publication Title\nOCT-MoS, a dataset of mouse skin squamous cell carcinoma stages by full-field optical coherence tomography\n\nStudy Description\nThe incidence of cutaneous squamous cell carcinoma (SCC) has increased in recent years, while it remains as an understudied subject. Current methods for the diagnose of skin cancer are either invasive, present a low resolution, or images that are difficult to interpret. Full-field optical coherence tomography (FF-OCT) has proven its potential as a non-invasive imaging technique of epithelial tissue. The sub-micrometer resolution offered by FF-OCT is able to show fine features such as cell nuclei, blood vessels, and fibrous structures in the dermis. However, not many physicians are familiar with the images derived from this technique. Using a well-known mouse model of SCC, we acquired volumetric data from skin samples at different stages of the disease using our home-made FF-OCT system. We present OCT-Mouse Skin (OCT-MoS) dataset, a curated dataset of 3400 annotated tomograms distributed into four classes, representing different stages in the development of SCC: normal, dysplasia, papilloma, and SCC. This dataset has a high potential for reuse in areas such as cancer research, medical training, image processing, and deep learning.
1603	idr0097-reicher-proteintag/experimentC	Publication Title\nPooled protein tagging, cellular imaging, and in situ sequencing for monitoring drug action in real time\n\nExperiment Description\nWe use CRISPR-Cas9 based intron tagging to generate cell pools expressing more than 900 GFP-fusion proteins (one GFP-tagged protein per cell). For this experiment, we seeded the cell pool in a single well of 384-well plate and treated the cells with dBET6, a BRD4-targeting PROTAC. We imaged the entire well at three timepoints (before treatment, after 1h and 3h after treatment, 289 fields of view per timepoint). Cells in the same well were then fixed and we performed in situ sequencing to identify the expressed sgRNA in each cell indicating which protein is GFP tagged (8 cycles of in situ sequencing by synthesis, 289 fields of view per cycle).
1601	idr0097-reicher-proteintag	Publication Title\nPooled protein tagging, cellular imaging, and in situ sequencing for monitoring drug action in real time\n\nStudy Description\nThe levels and subcellular localizations of proteins regulate critical aspects of many cellular processes and can become targets of therapeutic intervention. However, high-throughput methods for unbiased discovery of proteins that change localization either by shuttling between compartments, by binding larger complexes or by localizing to distinct membraneless organelles are not available. Here we describe a scalable strategy to characterize effects on protein localizations and levels in response to different perturbations. We use CRISPR-Cas9 based intron tagging to generate cell pools expressing hundreds of GFP-fusion proteins from their endogenous promoters and monitor localization changes by time-lapse microscopy followed by clone identification using in situ sequencing. We show that this strategy can characterize cellular responses to drug treatment and thus identify non-classical effects such as modulation of protein-protein interactions, condensate formation and chemical degradation.
1651	idr0099-jain-beetlelightsheet/experimentA	Publication Title\nRegionalized tissue fluidization is required for epithelial gap closure during insect gastrulation\n\nExperiment Description\nThis dataset contains multiview fused images of Tribolium castaneum embryos labelled with a uniform nuclear localized eGFP signal, a uniform Histone-eGFP signal, a uniform LifeAct-eGFP signal, a uniform Tc-Squash-eGFP signal and a Gap43-eYFP signal. Selective Plane Illumination Microscopy (SPIM), was carried out on a Zeiss Lightsheet Z.1 microscope equipped with a 20x/1.0 NA Plan Apochromat water-immersion detection objective and two 10x/0.2 NA dry illumination objectives. Individual views were registered using bead-based registration and then fused to form combined 3D Tiff stacks using the Multiview reconstruction plugin in Fiji.
1801	idr0109-zaritsky-melanoma/experimentA	Publication Title\nInterpretable deep learning uncovers cellular properties in label-free live cell images that are predictive of highly metastatic melanoma\n\nExperiment Description\nLive melanoma single cell phase contrast imaging with multiple labels: cell category (PDX, cell line, melanocyte, clonal expansion), PDX metastatic efficiency (high, low, unknown), cell type (e.g. A375, MV3, m405).
1852	idr0111-lee-cellmigration/experimentA	Publication Title\nDistinct Roles of Tumor Associated Mutations in Collective Cell Migration\n\nExperiment Description\nMCF10A, PTEN-/-, KRas, and KRas/PTEN-/- cell lines or the MCF10A and MDA-MB-231 cell lines were plated in a collective migration assay that uses circular cell sheets.  Tiled images of each full cell sheet were taken before and after a set of time lapse images was taken of two ROIs in each cell sheet.
1853	idr0111-lee-cellmigration/experimentB	Publication Title\nDistinct Roles of Tumor Associated Mutations in Collective Cell Migration\n\nExperiment Description\nMCF10A, PTEN-/-, KRas, and KRas/PTEN-/- cell lines were plated in a collective migration assay that uses circular cell sheets.  Duplicates plates were used to create fixed samples at t=0 (plate 1) and t=15 h (plate 2).  The fixed samples were stained with DAPI.
1854	idr0107-morgan-hei10/experimentA	Publication Title\nDiffusion-mediated HEI10 coarsening explains meiotic crossover positioning in Arabidopsis\n\nExperiment Description\nImages used for HEI10 focus patterning and intensity measurements in Morgan et al., 2021. These are multichannel 3D-SIM reconstructed images of Arabidopsis pachytene cells labelled for ZYP1 and HEI10 and stained with DAPI. 3D skeleton traces of each of the 5 bivalent paths for each cell are also included to facilitate downstream image analysis.
1903	idr0113-bottes-opcclones/experimentA	Publication Title\nLive imaging of remyelination in the adult mouse corpus callosum\n\nExperiment Description\nWe genetically targeted OPCs using mice expressing a tamoxifen (Tam)-inducible Cre recombinase under the control of the endogenous Achaete-scute homolog 1 (Ascl1) promoter crossed with a tdTomato reporter mouse line (Ascl1-tdTomato mice). To induce focal demyelination in the CC, mice were injected with LPC in the posterior CC. Mice were implanted with a transcortical window allowing for optical access using 2-photon microscopy. Tamoxifen (TAM) was injected 2 and 3 days after LPC injection to induce sparse labeling of Ascl1-targeted OPCs. Labeled OPC clones were imaged every day up to two months.
1851	idr0111-lee-cellmigration	Publication Title\nDistinct Roles of Tumor Associated Mutations in Collective Cell Migration\n\nStudy Description\nRecent evidence suggests that groups of cells are more likely to form clinically dangerous metastatic tumors, emphasizing the importance of understanding mechanisms underlying collective behavior. The emergent collective behavior of migrating cell sheets in vitro has been shown to be disrupted in tumorigenic cells but the connection between this behavior and in vivo tumorigenicity remains unclear. We use particle image velocimetry to measure a multidimensional migration phenotype for genetically defined human breast epithelial cell lines that range in their in vivo behavior from non-tumorigenic to aggressively metastatic. By using cells with controlled mutations, we show that PTEN deletion enhances collective migration, while Ras activation suppresses it, even when combined with PTEN deletion. These opposing effects on collective migration of two mutations that are frequently found in patient tumors could be exploited in the development of novel treatments for metastatic disease. Our methods are based on label-free phase contrast imaging, and thus could easily be applied to patient tumor cells. The short time scales of our approach do not require potentially selective growth, and thus in combination with label-free imaging would allow multidimensional collective migration phenotypes to be utilized in clinical assessments of metastatic potential.
2001	idr0117-croce-marimba/experimentA	Publication Title\nske-T, a T-box gene expressed in the skeletogenic mesenchyme lineage of the sea urchin embryo\n\nExperiment Description\nSpatial distribution of ske-T transcripts during development.
1951	idr0108-sabinina-nuclearporecomplex/experimentA	Publication Title\n3D super-resolution fluorescence microscopy maps the variable molecular architecture of the Nuclear Pore Complex\n\nExperiment Description\nDual color super-resolution imaging of ELYS and NUP107, NUP133, RANBP2, SEH1, TPR.
2053	idr0116-deboer-npod/experimentA	Publication Title\nLarge-scale electron microscopy database for human type 1 diabetes\n\nExperiment Description\nScanning transmission electron microscopy of Islets of Langerhans.
2051	idr0101-payne-insitugenomeseq/experimentA	Publication Title\nIn situ genome sequencing resolves DNA sequence and structure in intact biological samples\n\nExperiment Description\nIn situ genome sequencing of human PGP1 fibroblasts.
2052	idr0101-payne-insitugenomeseq/experimentB	Publication Title\nIn situ genome sequencing resolves DNA sequence and structure in intact biological samples\n\nExperiment Description\nIn situ genome sequencing of early mouse embryos
2054	idr0101-payne-insitugenomeseq	Publication Title\nIn situ genome sequencing resolves DNA sequence and structure in intact biological samples\n\nStudy Description\nUnderstanding genome organization requires integration of DNA sequence and 3D spatial context, however, existing genome-wide methods lack either base-pair sequence resolution or direct spatial localization. Here, we describe in situ genome sequencing (IGS), a method for simultaneously sequencing and imaging genomes within intact biological samples. We applied IGS to human fibroblasts and early mouse embryos, spatially localizing thousands of genomic loci in individual nuclei. Using these data, we characterized parent-specific changes in genome structure across embryonic stages, revealed single-cell chromatin domains in zygotes, and uncovered epigenetic memory of global chromosome positioning within individual embryos. These results demonstrate how in situ genome sequencing can directly connect sequence and structure across length scales from single base pairs to whole organisms.
2101	idr0118-keenan-flylightsheet/experimentA	Publication Title\nDynamics of Drosophila endoderm specification\n\nExperiment Description\nTime-lapse microscopy was performed on Drosophila embryos containing an endogenous transcriptional reporter for the genes tailless (tll), huckebein (hkb), brachyenteron (byn), forkhead (fkh), and wingless (wg) using a light-sheet microscope.  Images were taken once every minute from the start of nuclear cycle 11 to the start of gastrulation (approximately 90 minutes total) in order to track transcription of genes in individual nuclei in the posterior third of the embryo.
2102	idr0096-tratwal-marrowquant/experimentA	Publication Title\nMarrowQuant in Aging and Aplasia: A Digital Pathology Workflow For Quantification of Bone Marrow Compartments in Histological Sections\n\nExperiment Description\nMarrowQuant, a digital and quantitative pathology tool was used to quantify the different compartments within the bone marrow at different conditions, mainly aplasia and aging conditions. By using our tool, we can compare the skeletal map induced by lethal irradiation(aplasia), with longitudinal quantification of the “red-to-yellow-to-red” transition over 2 months (aging) in C57BL/6 mouse femurs and tibiae.
2103	idr0096-tratwal-marrowquant/experimentB	Publication Title\nMarrowQuant in Aging and Aplasia: A Digital Pathology Workflow For Quantification of Bone Marrow Compartments in Histological Sections\n\nExperiment Description\nAway from the Mouse H&E quantification, the current version of MarrowQuant was tested on a small set of H&E bone marrow biopsies from anonymised patients. The tool performs in a comparable way as compared to the gold standard (Pathologists’ scorings), but it needs many optimisations before validating at the level of the human bone marrow biopsies quantifications and in clinical context.
2104	idr0096-tratwal-marrowquant	Publication Title\nMarrowQuant in Aging and Aplasia: A Digital Pathology Workflow For Quantification of Bone Marrow Compartments in Histological Sections\n\nStudy Description\nWe report the development of a semi-automated image analysis plug-in, MarrowQuant, which employs the open-source software QuPath, to systematically quantify multiple bone components in H&E sections in an unbiased manner. MarrowQuant discerns and quantifies the areas occupied by bone, adipocyte ghosts, hematopoietic cells and the interstitial/microvascular compartment. A separate feature, AdipoQuant, fragments adipocyte ghosts in H&E-stained sections of extramedullary adipose tissue sections to render adipocyte area and size distribution. Quantification of BM hematopoietic cellularity with MarrowQuant lies within the range of scoring by four independent pathologists, while quantification of the total adipocyte area in whole bone sections compares with volumetric measurements.
2151	idr0114-lindsay-hdbr/experimentA	Publication Title\nEnabling research with human embryonic and fetal tissue resources\n\nExperiment Description\nImmunohistochemistry, immunofluorescence and RNAscope analysis in early human development from 3 to 19 weeks post conception.
2152	idr0068-shah-zebrafishlightsheet/experimentA	Publication Title\nMulti-scale imaging and analysis identifies pan-embryo cell dynamics of germlayer formation in zebrafish\n\nExperiment Description\nLight-sheet imaging of all three germ layers during early zebrafish development (4 - 18 hpf).
2201	idr0124-esteban-heartmorphogenesis/experimentA	Publication Title\nPseudo-dynamic analysis of heart tube formation in the mouse reveals strong regional variability and early left-right asymmetry\n\nExperiment Description\nImaging of a temporally dense collection of mouse embryonic heart morphologies between E7.75 and E8.5.
